販売統計名,品番,202504,202505,202506,202507,202508,202509,202510,202511,202512,202601,202602,202603
民間さび止めPB,IE1010SG,,7,,2,,5,8,,,3,,
民間さび止めPB,IE1010WG,,,4,1,,,,,,,,
民間さび止めPB,IE1507SG,,,1,,,,5,,,,,
民間さび止めPB,IE1510SC,,,,,1,,,,,,,
民間さび止めPB,IE1510SG,,13,7,3,5,4,36,6,4,4,11,5
民間さび止めPB,IE1510WG,,,2,,,,,,10,,,1
民間さび止めPB,IE1515SC,,,,1,,,,,,,,
民間さび止めPB,IE1515SG,5,,,52,,1,1,13,8,1,6,
民間さび止めPB,IE1515WG,1,1,,,,1,,,,,,3
民間さび止めPB,IE2010SC,,,,,,,,,1,,,
民間さび止めPB,IE2010SG,4,1,4,6,,4,6,6,12,1,1,
民間さび止めPB,IE2010WC,,,5,,,,,3,,,,
民間さび止めPB,IE2010WG,,,,,,,,4,1,,,1
民間さび止めPB,IE2015SC,,,,,,,,,,,1,
民間さび止めPB,IE2015SG,2,,9,1,4,14,,11,6,5,14,1
民間さび止めPB,IE2015WC,,1,,,,,,,,,,3
民間さび止めPB,IE2015WG,,,,,2,,2,3,,,,1
民間さび止めPB,IE2020SC,,,,,,,,,,,4,
民間さび止めPB,IE2020SG,9,3,10,4,4,16,4,19,8,4,4,10
民間さび止めPB,IE2020WG,,,,,,2,,,,,,
民間さび止めPB,IE2515SG,,1,1,1,4,,,2,,,,
民間さび止めPB,IE2515WG,,,,,,,1,,2,,,
民間さび止めPB,IE2520SG,2,,3,1,10,1,,16,,,3,2
民間さび止めPB,IE2525SG,4,,3,,,1,3,1,1,,,1
民間さび止めPB,IE2525WG,,,,,,,1,,,,,
民間さび止めPB,IE3010SG,,,,,,1,,,,,2,2
民間さび止めPB,IE3015SG,,,,,,,,2,2,,1,1
民間さび止めPB,IE3020SC,,,,,,,,2,,,,3
民間さび止めPB,IE3020SG,1,,4,9,3,1,3,9,9,,1,3
民間さび止めPB,IE3020WC,,1,,,,,,,,,,
民間さび止めPB,IE3020WG,1,1,,,,,,,,,,
民間さび止めPB,IE3025SG,,,,,,,,4,,,,
民間さび止めPB,IE3030SC,,3,,,,,,,,,1,
民間さび止めPB,IE3030SG,5,,6,,8,3,8,6,7,2,5,1
民間さび止めPB,IE3030WC,,1,,,,,,,,,,
民間さび止めPB,IE3030WG,,,,,,1,,,,,,
民間さび止めPB,IE3530SG,,,,,,,,,2,,,
民間さび止めPB,IE3535SG,,,,,1,1,1,1,,,,
民間さび止めPB,IE4020SG,,4,,,1,1,,6,,1,2,2
民間さび止めPB,IE4030SC,,6,,,,,,,,,,
民間さび止めPB,IE4030SG,1,1,,,2,1,2,,,,1,2
民間さび止めPB,IE4040SG,,2,1,8,,,,4,,1,1,1
民間さび止めPB,IE4040WG,,,,,,,,1,,,,
民間さび止めPB,IE5030SG,,1,17,,2,,,1,,,,
民間さび止めPB,IE5030WC,1,,,,,,,,,,,
民間さび止めPB,IE5030WG,1,,,,,,,,,,,
民間さび止めPB,IE5040SG,2,5,,,2,2,1,1,,,2,
民間さび止めPB,IE5040WG,,,,1,,,,,,,,
民間さび止めPB,IE5050SG,1,,2,3,,,,1,3,2,3,
民間さび止めPB,IE6040SG,,1,,,,,,,,,5,
民間さび止めPB,IE6050SG,,1,,,,,,,,1,,
民間さび止めPB,IE6060SC,,,,,,,,,,,,1
民間さび止めPB,IE6060SG,,,,,,,,2,,,,2
民間さび止めPB,IE6060WG,,,,,,,,1,,,,
民間さび止めPB,IP1007SC,12,20,,,,,,,,,,
民間さび止めPB,IP1007SG,24,7,7,12,5,3,7,9,17,12,1,7
民間さび止めPB,IP1007SGP,1,,,,,,,,,,,
民間さび止めPB,IP1007WG,,,2,,2,,,1,,35,,2
民間さび止めPB,IP1010SC,,1,,,,,,,,,,
民間さび止めPB,IP1010SG,13,15,38,24,7,27,15,19,15,5,5,34
民間さび止めPB,IP1010SGP,,,,,,,,,2,,,
民間さび止めPB,IP1010WG,2,20,,,3,1,1,2,15,1,,
民間さび止めPB,IP1507SC,2,20,,,,,,,,,,
民間さび止めPB,IP1507SG,1,20,52,11,5,8,6,15,1,,24,12
民間さび止めPB,IP1507WG,6,4,,4,1,4,10,10,,5,,
民間さび止めPB,IP1510SC,3,20,51,50,250,200,,2,29,,140,40
民間さび止めPB,IP1510SG,178,173,167,122,119,97,230,76,167,50,99,97
民間さび止めPB,IP1510SGP,,,,,,,,,1,,3,
民間さび止めPB,IP1510WC,,,,,,,,1,,,,
民間さび止めPB,IP1510WG,6,3,19,10,5,38,5,3,5,13,6,6
民間さび止めPB,IP1515SC,,,105,10,20,430,3,,,,,
民間さび止めPB,IP1515SG,55,31,72,25,58,66,17,50,43,20,54,63
民間さび止めPB,IP1515SGP,,,,,,,,,,,1,
民間さび止めPB,IP1515WG,,,2,1,2,3,1,,,,3,
民間さび止めPB,IP2010SC,,20,50,51,119,4,,70,100,,28,10
民間さび止めPB,IP2010SG,43,43,25,35,26,60,40,55,36,20,48,12
民間さび止めPB,IP2010SGP,,2,,,,,,,,,,1
民間さび止めPB,IP2010WC,,,,,,,2,,,,,
民間さび止めPB,IP2010WG,,1,1,1,5,1,11,1,7,3,,
民間さび止めPB,IP2015SC,,,41,21,40,,,121,,,23,15
民間さび止めPB,IP2015SG,42,30,60,66,71,47,43,51,35,14,56,17
民間さび止めPB,IP2015SGP,,,,,1,,,,2,,,
民間さび止めPB,IP2015WG,3,3,9,4,2,11,4,7,3,5,9,5
民間さび止めPB,IP2020SC,,1,33,110,65,3,,16,13,40,28,55
民間さび止めPB,IP2020SG,38,25,59,50,29,60,29,29,57,27,91,32
民間さび止めPB,IP2020SGP,,,,,,,,,,,,1
民間さび止めPB,IP2020WC,,,,,1,,,,,,,
民間さび止めPB,IP2020WG,2,2,1,5,2,,4,16,1,6,3,2
民間さび止めPB,IP2510SG,2,2,5,,3,7,2,1,5,,1,
民間さび止めPB,IP2510SGP,,,,,,,,,,,,4
民間さび止めPB,IP2510WG,,1,,,,,1,,,,,
民間さび止めPB,IP2515SC,,,,,,,,2,,,,
民間さび止めPB,IP2515SG,3,7,20,1,6,2,4,43,8,2,23,22
民間さび止めPB,IP2515SGP,,,,,,,,,,1,,
民間さび止めPB,IP2515WC,,,,1,,,,,,,,
民間さび止めPB,IP2515WG,,2,4,1,2,4,,3,,,3,3
民間さび止めPB,IP2520SC,,,,,5,1,,1,,,3,
民間さび止めPB,IP2520SG,13,11,19,4,15,6,4,13,12,,9,8
民間さび止めPB,IP2520SGP,4,,,,,,,,2,,,
民間さび止めPB,IP2520WG,,,10,,2,2,,4,,3,,
民間さび止めPB,IP2525SC,,1,,5,,,,,,,1,
民間さび止めPB,IP2525SG,5,7,19,5,4,4,24,1,4,4,5,5
民間さび止めPB,IP2525WG,,,,,,,2,,,2,5,
民間さび止めPB,IP3010SC,,,,,,,,2,,,,
民間さび止めPB,IP3010SG,2,2,,2,1,5,1,5,9,,4,
民間さび止めPB,IP3015SC,2,,,1,,4,,,,,,
民間さび止めPB,IP3015SG,5,10,6,4,5,3,4,11,6,2,10,
民間さび止めPB,IP3015SGP,1,,,,,,,,,,,
民間さび止めPB,IP3015WC,,,,1,,,,,,,,
民間さび止めPB,IP3015WG,,1,,1,,,,,,,1,1
民間さび止めPB,IP3020SC,,,,2,3,,,6,8,,,3
民間さび止めPB,IP3020SG,29,17,27,37,19,27,10,29,19,31,26,22
民間さび止めPB,IP3020WC,,2,,,,,2,,,,,
民間さび止めPB,IP3020WG,1,3,7,2,1,3,,5,2,,,1
民間さび止めPB,IP3025SG,,2,1,8,2,3,1,,2,4,6,
民間さび止めPB,IP3025SGP,,,,,,,,1,,,1,
民間さび止めPB,IP3025WG,,,5,,2,,,4,,,,
民間さび止めPB,IP3030SC,,,,5,,,,22,5,20,1,10
民間さび止めPB,IP3030SG,23,13,16,14,11,14,22,31,15,14,23,11
民間さび止めPB,IP3030WG,14,2,,1,,2,,,2,,5,
民間さび止めPB,IP3520SG,3,,,1,,2,1,,1,,3,4
民間さび止めPB,IP3520WG,,,,,,,,,,16,,
民間さび止めPB,IP3530SG,1,,,,,,1,1,,,,
民間さび止めPB,IP3535SC,,,,,,,,,1,,,
民間さび止めPB,IP3535SG,,2,1,,,,2,,,1,,
民間さび止めPB,IP3535WG,1,,,,,,7,,,,,
民間さび止めPB,IP4020SC,,,,,2,1,,,,,,
民間さび止めPB,IP4020SG,2,3,2,8,7,4,8,5,6,8,14,3
民間さび止めPB,IP4020SGP,1,,,,,,,,,,,
民間さび止めPB,IP4020WC,,,,,2,,,,,,,
民間さび止めPB,IP4020WG,,1,,,,,,,,,,2
民間さび止めPB,IP4030SC,,,,,,,,,6,,1,
民間さび止めPB,IP4030SG,4,4,5,6,10,18,7,14,15,6,14,4
民間さび止めPB,IP4030WC,,,,,,,,,,,1,
民間さび止めPB,IP4030WG,1,,,,2,,,,,,,3
民間さび止めPB,IP4040SC,,,,,,,,4,,,5,
民間さび止めPB,IP4040SG,3,2,8,2,1,5,6,4,4,2,15,4
民間さび止めPB,IP4040SGP,,,,,1,,,,,,1,
民間さび止めPB,IP4040WG,,,,,,3,,2,1,1,1,1
民間さび止めPB,IP5020SG,1,,1,,,,2,3,,2,2,
民間さび止めPB,IP5030SC,1,,,,,,,,,,1,
民間さび止めPB,IP5030SG,1,2,1,1,1,2,2,,5,,4,3
民間さび止めPB,IP5030WG,2,,,,1,,,2,1,2,,
民間さび止めPB,IP5040SC,,,,,,,,,,,1,
民間さび止めPB,IP5040SG,2,,,5,,,1,1,1,,1,1
民間さび止めPB,IP5040WG,,,2,,,,,4,3,,,
民間さび止めPB,IP5050SG,1,2,4,,,3,4,1,1,1,3,
民間さび止めPB,IP5050WG,1,,,,,,2,1,,,,
民間さび止めPB,IP6030SG,,1,2,,,,,10,,,,
民間さび止めPB,IP6030WG,,2,,1,,1,,,,,,
民間さび止めPB,IP6040SG,1,,2,1,,,,,,2,,
民間さび止めPB,IP6040WG,,,,,,,,,,1,,
民間さび止めPB,IP6060SC,,,,,,,,,,,,1
民間さび止めPB,IP6060SG,,1,,,6,,,,,,,
国土さび止めPB,BE1007SG,,,,,1,,,1,,,1,
国土さび止めPB,BE1007XG,1,,,,,,,,,,,
国土さび止めPB,BE1010SG,-27,1,8,13,15,2,11,13,6,7,4,6
国土さび止めPB,BE1010WG,,,,,,,,,6,,,2
国土さび止めPB,BE1507SC,,,,,,,,,,1,,
国土さび止めPB,BE1507SG,,30,10,,2,1,,,10,,7,1
国土さび止めPB,BE1507WG,,,,,,,,,1,,,
国土さび止めPB,BE1510SC,,,,6,1,,3,6,9,1,9,6
国土さび止めPB,BE1510SG,129,56,251,94,105,107,42,115,53,74,104,59
国土さび止めPB,BE1510WC,,,,,,,,5,,,10,
国土さび止めPB,BE1510WG,6,,,1,,,3,1,,4,,
国土さび止めPB,BE1510XC,,,,,,,1,10,,,,
国土さび止めPB,BE1510XG,,6,,,,,,,1,,,
国土さび止めPB,BE1515SC,,3,,5,,12,,,,,,7
国土さび止めPB,BE1515SG,30,40,68,150,37,38,59,44,43,24,56,37
国土さび止めPB,BE1515WG,,,,4,,2,,,2,,2,
国土さび止めPB,BE2010SC,2,,,,2,,5,3,3,34,1,
国土さび止めPB,BE2010SG,24,43,43,83,59,67,38,104,55,41,22,34
国土さび止めPB,BE2010SGP,,,,,,,,,,1,,
国土さび止めPB,BE2010WC,,,,,,,,,,,,2
国土さび止めPB,BE2010WG,,,,2,3,,,,5,1,14,
国土さび止めPB,BE2015SC,,,,,1,,2,1,,,,1
国土さび止めPB,BE2015SG,31,14,28,29,23,18,100,20,34,21,24,14
国土さび止めPB,BE2015WG,,1,,,,5,1,,3,7,3,3
国土さび止めPB,BE2020SC,,,7,,,,8,7,19,4,7,
国土さび止めPB,BE2020SG,42,100,138,112,57,53,73,121,89,139,175,101
国土さび止めPB,BE2020WG,,,,1,,,,1,1,3,,
国土さび止めPB,BE2020XG,,,,,,,,,,1,,
国土さび止めPB,BE2510SC,,,,,,,,,,,1,
国土さび止めPB,BE2510SG,1,2,,2,,3,3,3,5,2,3,9
国土さび止めPB,BE2515SC,,,,2,,,,,,,16,
国土さび止めPB,BE2515SG,8,5,10,5,,8,4,3,1,8,6,1
国土さび止めPB,BE2515WG,,,,,,10,3,,,,2,
国土さび止めPB,BE2520SC,,,,,1,1,1,,1,,2,
国土さび止めPB,BE2520SG,3,10,14,13,10,21,8,12,4,3,16,11
国土さび止めPB,BE2520WG,,,,,,,1,,,,,
国土さび止めPB,BE2525SC,,,,,,4,,,1,,,
国土さび止めPB,BE2525SG,1,3,36,8,4,9,9,7,4,5,6,3
国土さび止めPB,BE2525XG,,,,,,,,,,1,,
国土さび止めPB,BE3010SC,,,,,1,2,,,,,,
国土さび止めPB,BE3010SG,,,14,5,13,4,14,7,14,2,1,1
国土さび止めPB,BE3015SG,1,1,28,3,5,4,1,6,3,4,5,
国土さび止めPB,BE3020SC,,,3,,1,,,12,38,3,2,
国土さび止めPB,BE3020SG,33,24,43,42,75,43,41,51,37,30,27,19
国土さび止めPB,BE3020WC,,,,,,8,1,,,,,
国土さび止めPB,BE3020WG,,,1,1,,,1,,,4,,
国土さび止めPB,BE3020XG,1,,,,,,,,,,,
国土さび止めPB,BE3025SG,1,,,9,4,9,3,,1,,,2
国土さび止めPB,BE3025WC,,1,,,,,,,,,,
国土さび止めPB,BE3030SC,,,,1,1,5,1,2,1,,8,1
国土さび止めPB,BE3030SG,32,26,42,30,20,31,27,53,44,31,26,43
国土さび止めPB,BE3030WC,,,1,,4,,,,,,,
国土さび止めPB,BE3030WG,,4,,1,,2,,,,,,2
国土さび止めPB,BE3030XC,,,,,,,,,,,1,
国土さび止めPB,BE3520SC,,,,5,,,,,,,,
国土さび止めPB,BE3520SG,,,,,1,,,1,,1,1,1
国土さび止めPB,BE3530SC,,,,,,,,,,,2,
国土さび止めPB,BE3530SG,,,,,,,,3,,,2,1
国土さび止めPB,BE3530WG,,,,,,,,,1,,,
国土さび止めPB,BE3535SG,1,3,4,,1,4,,4,1,,1,3
国土さび止めPB,BE3535XG,,,,,1,,2,,,,,
国土さび止めPB,BE4020SC,,2,,,1,,3,1,,,,
国土さび止めPB,BE4020SG,3,2,14,11,1,3,15,24,11,8,6,2
国土さび止めPB,BE4020WG,,,,,,,,,,1,,1
国土さび止めPB,BE4030SC,,,,,,,1,,13,,,
国土さび止めPB,BE4030SG,9,4,5,10,14,12,6,14,29,6,6,2
国土さび止めPB,BE4030WG,,,,1,,,,,,1,,
国土さび止めPB,BE4030XG,,,,,,,,,,1,,
国土さび止めPB,BE4040SC,,,,,,,1,,,,,
国土さび止めPB,BE4040SG,1,2,9,7,4,5,8,3,20,16,3,17
国土さび止めPB,BE4040XC,,2,,,,,,,,,,
国土さび止めPB,BE5020SG,2,,1,2,,1,,,2,,,
国土さび止めPB,BE5020WG,,,,,,,1,,,,,
国土さび止めPB,BE5030SC,,,,,,,,1,,,,
国土さび止めPB,BE5030SG,1,,4,4,,7,2,7,2,1,6,1
国土さび止めPB,BE5030WG,,1,1,,,,,,,,,
国土さび止めPB,BE5040SC,,,,1,,,,1,1,,,
国土さび止めPB,BE5040SG,2,3,1,1,3,7,6,8,3,9,,6
国土さび止めPB,BE5040WG,,,,,,,,,,,,2
国土さび止めPB,BE5050SC,,,,1,,,,,,,1,
国土さび止めPB,BE5050SG,5,1,4,1,3,1,8,6,2,,5,
国土さび止めPB,BE5050WG,,,,,,,,1,,,,
国土さび止めPB,BE5050XC,,1,,,,,,,,,,
国土さび止めPB,BE6030SG,1,,,5,,1,3,1,2,,,
国土さび止めPB,BE6030WC,,,,,1,,,,,,,
国土さび止めPB,BE6040SG,,2,,,,,1,2,2,8,,6
国土さび止めPB,BE6050SG,,,,5,1,,1,,1,,,
国土さび止めPB,BE6060SG,2,1,,,,6,2,1,,,,
国土さび止めPB,BP1010SC,,,,,,,,,,,1,
国土さび止めPB,BP1510SC,,,,1,,,,,,,,
国土さび止めPB,BP1510SG,2,1,4,10,4,14,15,,9,,3,
国土さび止めPB,BP1515SG,,,3,1,,6,,,,3,,
国土さび止めPB,BP2010SC,,3,,,,,,,,,8,
国土さび止めPB,BP2010SG,,1,,9,4,,,,1,,1,
国土さび止めPB,BP2015SC,,,,,,,4,,,,13,
国土さび止めPB,BP2015SG,1,5,,2,,,,,,,5,4
国土さび止めPB,BP2020SC,,,,,,,4,5,,,4,
国土さび止めPB,BP2020SG,,1,1,1,,,1,,2,,,
国土さび止めPB,BP2520SG,1,,,1,,,,,,,,
国土さび止めPB,BP2525SC,,,,,,2,,,,,,
国土さび止めPB,BP3020SG,,,1,,,,2,,,,,
国土さび止めPB,BP3025SG,,,,3,,,,,,,,
国土さび止めPB,BP3030SG,,,1,4,,1,,,,,,
国土さび止めPB,BP4030SG,2,,,,,,,,,,,
国土さび止めPB,BP4040SG,,,1,,,,,,,,,
国土さび止めPB,BP5030SG,1,,,,,,,,,,,
SUS PB,SE1007WC,,,,,,4,,,,,,
SUS PB,SE1007WN,1,2,,,,,,2,3,,4,
SUS PB,SE1007XN,,5,3,,1,,,,,,,
SUS PB,SE1010SN,,,,,,,,1,1,,2,
SUS PB,SE1010SNP,1,,,,,,,,1,,,
SUS PB,SE1010WN,2,6,5,7,9,11,22,12,19,10,2,8
SUS PB,SE1010XN,,1,,,,,,,,,,
SUS PB,SE1507SN,,,,,,,,1,,,,
SUS PB,SE1507SNP,,,,,,,1,,,,,
SUS PB,SE1507WC,,,,,,,3,,,,,
SUS PB,SE1507WN,1,,2,,6,,,,,,,3
SUS PB,SE1507XN,,,,,,,,2,,,,
SUS PB,SE1510SN,7,6,5,3,,,5,9,7,,1,
SUS PB,SE1510SNP,1,5,,,2,2,1,2,12,,1,1
SUS PB,SE1510WC,,,,,,,3,,8,,,1
SUS PB,SE1510WN,58,60,76,86,73,81,103,110,99,83,78,51
SUS PB,SE1510XC,,,3,,,6,,6,1,5,,
SUS PB,SE1510XN,,,,,2,4,17,8,6,,7,
SUS PB,SE1515SN,,,2,4,,3,,3,1,6,4,3
SUS PB,SE1515SNP,1,,,,3,,1,1,1,1,3,
SUS PB,SE1515WC,,,,,,,,6,,,,
SUS PB,SE1515WN,8,28,31,20,39,32,62,46,36,59,34,13
SUS PB,SE1515XN,3,4,,3,,59,-52,2,1,,,
SUS PB,SE2010SN,-13,,,,7,7,3,4,4,1,,
SUS PB,SE2010SNP,,1,,,,12,,,9,,,
SUS PB,SE2010WC,,,5,,,,,,,,,
SUS PB,SE2010WN,47,50,29,83,34,63,106,129,108,53,51,32
SUS PB,SE2010XN,2,3,20,3,2,1,12,5,,,5,
SUS PB,SE2015SN,1,,,6,,1,4,,3,,,1
SUS PB,SE2015SNP,1,1,,,,1,,1,,,,
SUS PB,SE2015WN,32,28,36,48,45,50,33,83,117,104,73,16
SUS PB,SE2015XC,,,,,,,,,,,2,
SUS PB,SE2015XN,,3,5,9,6,4,9,11,,9,9,
SUS PB,SE2020SN,1,1,3,10,,8,4,3,2,1,5,23
SUS PB,SE2020SNP,,1,1,,4,2,1,4,5,1,,1
SUS PB,SE2020WC,,,1,,,1,1,2,,,1,
SUS PB,SE2020WN,41,58,48,102,62,106,86,105,71,74,50,53
SUS PB,SE2020XN,10,5,,1,1,4,1,4,3,6,3,
SUS PB,SE2510SN,,,,,,,,,,1,,
SUS PB,SE2510SNP,,,,,,,,,,,1,
SUS PB,SE2510WN,1,3,2,3,9,1,1,2,6,1,1,
SUS PB,SE2510XN,,,,,,2,,14,,2,1,
SUS PB,SE2515SN,,,,,,,,1,,1,,
SUS PB,SE2515WN,9,4,8,6,8,9,14,11,7,12,21,5
SUS PB,SE2515XC,,,,,,,1,,,,,
SUS PB,SE2515XN,,,4,,,,1,,,,,
SUS PB,SE2520SN,2,,,1,,,,,,,5,1
SUS PB,SE2520SNP,,,1,,,,,,,,3,
SUS PB,SE2520WC,,,2,,,,,,,,2,
SUS PB,SE2520WN,6,4,18,4,19,11,31,10,21,15,13,7
SUS PB,SE2520XC,,,,,1,,,,,,,
SUS PB,SE2520XN,6,,,,2,,4,3,7,,,
SUS PB,SE2525SC,,,,,,,,,3,,,
SUS PB,SE2525SN,,,1,,1,,,,,,2,
SUS PB,SE2525SNP,,1,1,1,,1,,3,,,,
SUS PB,SE2525WN,10,4,2,3,11,16,9,10,7,7,4,6
SUS PB,SE2525XN,,2,,1,,,2,3,1,,,
SUS PB,SE3010SN,,,,,,,,,,,1,
SUS PB,SE3010SNP,,,,,2,,2,,,,,
SUS PB,SE3010WN,,9,3,3,4,7,5,6,3,4,9,2
SUS PB,SE3015SNP,,,,,,,,,,1,,
SUS PB,SE3015WC,,,,,,,3,,,,,
SUS PB,SE3015WN,10,4,4,6,3,12,4,14,25,4,9,5
SUS PB,SE3015XC,,,,,,1,,,,,,
SUS PB,SE3015XN,,,,,3,1,,,,,,
SUS PB,SE3020SN,,,2,1,1,,2,,3,2,4,
SUS PB,SE3020SNP,,,2,3,5,2,,3,12,,2,3
SUS PB,SE3020WC,,,4,,,,,,1,,,
SUS PB,SE3020WN,44,38,66,68,50,80,97,76,61,64,69,41
SUS PB,SE3020XN,4,4,,3,1,14,9,14,6,1,8,6
SUS PB,SE3025SN,,,,1,,,,,1,,,
SUS PB,SE3025SNP,,,,,,1,4,,,,,
SUS PB,SE3025WC,,,,,,,,2,,,,
SUS PB,SE3025WN,1,,1,20,9,1,12,14,5,1,4,5
SUS PB,SE3030SN,,2,,6,,,1,,1,3,5,17
SUS PB,SE3030SNP,,,,2,3,12,1,12,,2,2,1
SUS PB,SE3030WC,,1,3,2,,,1,,,,3,
SUS PB,SE3030WN,28,40,28,38,43,54,33,64,44,36,43,24
SUS PB,SE3030XC,,,,,,,,,,5,,
SUS PB,SE3030XN,,1,,,6,7,10,6,3,5,,
SUS PB,SE3520SN,,,3,,,,,,,,,
SUS PB,SE3520SNP,,,,,1,,,,,,,
SUS PB,SE3520WN,5,,2,5,1,2,3,5,,5,2,2
SUS PB,SE3520XN,,,,,,,6,,1,,,
SUS PB,SE3530SN,,,,,,,,,,1,,
SUS PB,SE3530WC,,,,,,,,,,,1,
SUS PB,SE3530WN,,1,5,3,3,,1,2,1,2,,
SUS PB,SE3535SN,1,,,,,,,,,,,1
SUS PB,SE3535WN,1,,4,,2,2,,4,9,6,,2
SUS PB,SE3535XN,,,,,,,1,,,,,4
SUS PB,SE4020SN,,,5,6,,,1,,,,,1
SUS PB,SE4020SNP,,,,2,,1,,2,4,1,,
SUS PB,SE4020WN,13,4,14,10,7,6,25,22,6,10,10,6
SUS PB,SE4020XC,,1,,1,,,,,,,,
SUS PB,SE4020XN,,,,4,2,5,4,1,,,2,2
SUS PB,SE4030SN,,,,2,,1,,2,,,,
SUS PB,SE4030SNP,,,1,,,,,,,,2,
SUS PB,SE4030WC,,,3,2,,,,,,,,
SUS PB,SE4030WN,19,19,23,43,17,14,26,32,30,18,13,14
SUS PB,SE4030XC,,,,,,,,,1,,,
SUS PB,SE4030XN,2,,3,3,1,4,2,1,1,,,1
SUS PB,SE4040SN,1,,,2,,,3,,,,4,7
SUS PB,SE4040SNP,,,,,,,,6,2,1,,
SUS PB,SE4040WN,13,17,21,16,39,28,21,13,24,2,14,14
SUS PB,SE4040XN,,,,,3,2,8,2,1,2,1,1
SUS PB,SE5020SN,,,,,,,,,1,,,
SUS PB,SE5020SNP,,,,,,2,,,,,,
SUS PB,SE5020WN,1,5,,6,2,5,7,3,7,,1,2
SUS PB,SE5020XC,,,,,1,,,,,,,
SUS PB,SE5020XN,,1,,,4,,,3,,,,
SUS PB,SE5030SN,,,,1,,,,,,,,
SUS PB,SE5030SNP,,,,,,,,1,,,,
SUS PB,SE5030WC,,,,,,,1,,,,,
SUS PB,SE5030WN,5,14,5,6,14,14,14,10,25,7,13,17
SUS PB,SE5030XN,,,,,,,,,1,1,,
SUS PB,SE5040SN,,,1,,,,5,,,,,
SUS PB,SE5040SNP,,,,,,,,,1,,,
SUS PB,SE5040WN,13,11,16,4,9,15,10,12,15,6,8,8
SUS PB,SE5040XC,,,,,,1,,,,,,
SUS PB,SE5040XN,4,,,,,1,3,1,,,1,
SUS PB,SE5050SN,,,,,1,,,1,,,,
SUS PB,SE5050SNP,,,,,,,,3,8,,1,
SUS PB,SE5050WN,9,24,12,21,10,13,24,7,10,4,9,12
SUS PB,SE5050XN,,,,1,1,,5,1,,,1,
SUS PB,SE6030SNP,,,1,,,,,,,,,
SUS PB,SE6030WN,5,2,2,1,6,7,11,10,4,4,5,2
SUS PB,SE6030XN,,,,,,,,,1,,,1
SUS PB,SE6040SN,,,,,,1,,,,,,
SUS PB,SE6040SNP,,,,,,,,,1,,,
SUS PB,SE6040WN,4,5,5,4,2,6,10,6,2,4,6,1
SUS PB,SE6040XN,,,,,,1,3,1,,,4,
SUS PB,SE6050WN,,3,6,2,15,1,5,1,6,,1,
SUS PB,SE6050XN,,,,2,,,,,,,,
SUS PB,SE6060SN,,,,,,,,,,,,2
SUS PB,SE6060SNP,,,,,,,,2,,,,
SUS PB,SE6060WN,5,5,4,,1,8,10,5,10,1,12,4
SUS PB,SE6060XN,,,1,,,,6,1,,1,,
SUS PB,SP1007SNP,,,,,2,,4,,7,,2,3
SUS PB,SP1007WN,,,1,,,1,4,1,11,1,4,2
SUS PB,SP1007XN,,,20,,,,,,,2,,20
SUS PB,SP1010SN,1,,,1,,1,1,,,1,,3
SUS PB,SP1010SNP,,,,,,,10,,6,,,1
SUS PB,SP1010WN,11,8,5,8,15,1,7,6,5,2,7,8
SUS PB,SP1010XN,,,,,,,,,,,,1
SUS PB,SP1507SN,,,,,,,,1,,,,
SUS PB,SP1507WN,2,1,,,1,,4,2,4,1,2,2
SUS PB,SP1507XN,,,,,,,,,,,,1
SUS PB,SP1510SN,4,,1,1,,6,7,25,36,38,1,12
SUS PB,SP1510SNP,10,17,,5,8,32,26,5,19,4,2,6
SUS PB,SP1510WC,,,,1,,,,1,,,,1
SUS PB,SP1510WN,23,56,35,33,29,51,56,59,219,98,57,85
SUS PB,SP1510XN,1,1,,2,9,2,,,,4,,
SUS PB,SP1515SN,5,,,4,,1,1,,16,11,1,6
SUS PB,SP1515SNP,3,5,,,,,,3,,,2,
SUS PB,SP1515WC,,,,,,,2,,,,,
SUS PB,SP1515WN,20,7,15,13,8,15,24,16,8,6,21,7
SUS PB,SP1515XN,8,1,,1,,52,1,,,,1,
SUS PB,SP2010SN,,,,1,1,,3,,3,,5,1
SUS PB,SP2010SNP,8,,1,17,7,,,4,22,33,6,
SUS PB,SP2010WC,,1,,1,,,,5,,,,
SUS PB,SP2010WN,21,16,15,16,27,21,35,21,16,52,5,9
SUS PB,SP2010XN,,,,,,1,1,4,,,,
SUS PB,SP2015SN,,,2,2,,2,,3,1,6,10,3
SUS PB,SP2015SNP,5,1,1,1,8,12,6,7,5,7,6,10
SUS PB,SP2015WN,37,12,33,34,29,28,46,26,26,4,37,15
SUS PB,SP2015XN,,6,,,2,3,,4,2,1,,2
SUS PB,SP2020SN,1,,,4,1,12,,,4,2,3,3
SUS PB,SP2020SNP,2,1,1,,6,,,,3,,,1
SUS PB,SP2020WN,40,15,11,31,9,22,21,15,11,43,40,28
SUS PB,SP2020XN,,,,,,,1,1,1,,3,
SUS PB,SP2510SN,1,,,,,,,,4,,,
SUS PB,SP2510WN,4,1,1,2,5,1,3,4,3,1,1,
SUS PB,SP2515SN,,,,,,,1,,,,,
SUS PB,SP2515SNP,,,,2,2,2,1,,,,,1
SUS PB,SP2515WN,3,2,2,1,11,8,4,5,10,2,3,2
SUS PB,SP2515XN,,,,,1,,,,,,,
SUS PB,SP2520SN,1,,,,,,,1,,3,,2
SUS PB,SP2520SNP,2,,,,5,,,,,,5,
SUS PB,SP2520WN,10,16,11,13,2,7,10,3,11,3,6,5
SUS PB,SP2520XN,2,,,1,,,,,,,,
SUS PB,SP2525SN,,,,,,,,,,,2,1
SUS PB,SP2525SNP,,4,,,,1,,,,,,1
SUS PB,SP2525WN,2,4,1,,1,6,-3,6,3,9,2,3
SUS PB,SP2525XN,,,,,,,,,1,,,
SUS PB,SP3010SN,,,3,,,1,,3,,,,
SUS PB,SP3010SNP,,,,,,,1,,,,,
SUS PB,SP3010WN,2,1,2,1,,,1,1,1,,1,1
SUS PB,SP3010XN,,,,,2,,,,,,,
SUS PB,SP3015SN,,,,,,,1,,,,,
SUS PB,SP3015SNP,,,3,,,1,,,,,,
SUS PB,SP3015WC,,,,,,,,5,,,,
SUS PB,SP3015WN,5,1,,1,2,17,3,3,3,4,6,3
SUS PB,SP3020SN,3,,4,,4,2,,3,6,,,
SUS PB,SP3020SNP,2,,,,,1,,,,1,,
SUS PB,SP3020WC,,2,,,,,,,,,,
SUS PB,SP3020WN,7,17,20,13,18,13,30,56,27,15,19,15
SUS PB,SP3020XN,,2,1,,1,,2,1,1,4,2,2
SUS PB,SP3025SN,,,,,,,2,,,,,1
SUS PB,SP3025SNP,,,,1,,1,,,,,,
SUS PB,SP3025WN,3,1,6,4,2,5,,,1,3,2,4
SUS PB,SP3025XN,2,,,,,,,,,,,
SUS PB,SP3030SN,,2,1,2,1,4,,7,,,,1
SUS PB,SP3030SNP,1,1,,,,1,1,,3,,,2
SUS PB,SP3030WN,2,10,10,2,5,5,12,19,17,10,31,13
SUS PB,SP3030XN,1,1,2,,,,1,,1,1,3,
SUS PB,SP3520WN,,,,,1,,,1,,,4,1
SUS PB,SP3530WN,,,,1,,2,,1,4,3,,
SUS PB,SP3535SN,,5,,,,2,,,,,6,1
SUS PB,SP3535SNP,,,,,1,1,1,,1,,,
SUS PB,SP3535WN,2,,,,1,,1,,1,,1,
SUS PB,SP4020SN,,,,6,,,,2,,,2,
SUS PB,SP4020WN,2,2,2,7,7,12,15,16,10,6,15,2
SUS PB,SP4020XN,2,,,,,,,,,,,
SUS PB,SP4030SN,,,,,1,,,,,,,
SUS PB,SP4030SNP,,1,,1,1,,1,,,,,
SUS PB,SP4030WN,5,14,8,11,5,15,17,12,7,6,17,5
SUS PB,SP4030XN,,,,,,1,,,,1,1,
SUS PB,SP4040SN,1,,1,1,2,,,,,,,
SUS PB,SP4040SNP,,1,,1,,,,,,,,
SUS PB,SP4040WN,6,5,6,1,2,2,9,17,8,11,13,9
SUS PB,SP4040XN,,,,,,,2,,,2,1,
SUS PB,SP5020SNP,,,,,,,,1,,,,
SUS PB,SP5020WN,1,,,,,1,,,,,,
SUS PB,SP5030SNP,,,,,,,1,1,,,,
SUS PB,SP5030WC,,1,,,,,,,,,,
SUS PB,SP5030WN,1,11,2,16,10,2,9,3,2,3,4,1
SUS PB,SP5030XN,,,,1,,,,,,,,1
SUS PB,SP5040SN,1,,,,,,,,,,,
SUS PB,SP5040SNP,,,,1,,,,,,,,
SUS PB,SP5040WN,,4,2,21,5,8,4,3,5,6,3,2
SUS PB,SP5040XN,,,,,1,,,,,,,
SUS PB,SP5050SN,1,,,3,,,,,,,1,
SUS PB,SP5050WN,,2,4,6,2,,2,2,3,1,9,5
SUS PB,SP6030SN,,,1,,,,,,,,,
SUS PB,SP6030SNP,,,,,,,,,2,,,
SUS PB,SP6030WN,0,4,1,1,1,,2,2,4,,,
SUS PB,SP6040SNP,,,,,,,,,,,1,
SUS PB,SP6040WN,1,,2,1,,1,,,2,,,
SUS PB,SP6050WN,,3,3,3,,1,3,,,1,,2
SUS PB,SP6060WN,,1,2,6,1,1,2,3,1,,,2
ﾄﾞﾌﾞ PB,ZE1007S2,,,,6,2,,4,4,,,,
ﾄﾞﾌﾞ PB,ZE1007W2,,,6,,,,,3,,16,8,
ﾄﾞﾌﾞ PB,ZE1010S2,,,,7,,4,,3,,,,
ﾄﾞﾌﾞ PB,ZE1010S2P,,1,,,,,5,,,,,
ﾄﾞﾌﾞ PB,ZE1010W2,2,1,,5,6,5,3,39,1,6,,8
ﾄﾞﾌﾞ PB,ZE1010X2,,,,,,,,1,,,,
ﾄﾞﾌﾞ PB,ZE1507S2,,,,,,,,,,6,,8
ﾄﾞﾌﾞ PB,ZE1507W2,,14,,1,1,1,16,,1,,,
ﾄﾞﾌﾞ PB,ZE1510S2,5,,1,,19,14,8,20,5,2,3,5
ﾄﾞﾌﾞ PB,ZE1510S2P,,1,,,,,,1,1,4,65,1
ﾄﾞﾌﾞ PB,ZE1510W2,39,28,19,48,51,35,63,74,43,36,32,34
ﾄﾞﾌﾞ PB,ZE1510X2,,,,,,,,2,,,,
ﾄﾞﾌﾞ PB,ZE1515S2,,1,,,4,13,2,3,,,,1
ﾄﾞﾌﾞ PB,ZE1515S2P,,,2,,6,1,5,,,,4,1
ﾄﾞﾌﾞ PB,ZE1515W2,31,39,18,95,65,51,23,19,30,10,83,-19
ﾄﾞﾌﾞ PB,ZE1515X2,1,,1,,,,,,2,,,
ﾄﾞﾌﾞ PB,ZE2010S2,,3,20,10,,,5,3,,1,1,
ﾄﾞﾌﾞ PB,ZE2010S2P,,,,,1,10,,,,,,
ﾄﾞﾌﾞ PB,ZE2010W2,5,22,25,36,60,68,33,33,40,16,9,13
ﾄﾞﾌﾞ PB,ZE2010X2,2,,,,,,,,,,,1
ﾄﾞﾌﾞ PB,ZE2015S2,1,3,,,,5,2,5,1,,,2
ﾄﾞﾌﾞ PB,ZE2015S2P,,,,,1,6,,,1,,,
ﾄﾞﾌﾞ PB,ZE2015W2,17,23,67,48,34,29,28,23,44,8,59,17
ﾄﾞﾌﾞ PB,ZE2015X2,,4,4,,,,,2,,,,
ﾄﾞﾌﾞ PB,ZE2020S2,2,,14,4,3,1,3,1,20,1,,2
ﾄﾞﾌﾞ PB,ZE2020S2P,,2,9,,4,6,6,1,1,,,
ﾄﾞﾌﾞ PB,ZE2020W2,11,7,42,116,18,39,41,34,59,14,32,15
ﾄﾞﾌﾞ PB,ZE2020W2C,,,,,,,,,,,1,
ﾄﾞﾌﾞ PB,ZE2020X2,,,2,1,,4,,4,,,1,
ﾄﾞﾌﾞ PB,ZE2510W2,,,,4,,13,6,8,5,,,1
ﾄﾞﾌﾞ PB,ZE2515S2,,,,,,3,,,,,,
ﾄﾞﾌﾞ PB,ZE2515W2,1,3,6,,4,2,6,3,8,,15,28
ﾄﾞﾌﾞ PB,ZE2515X2,,2,2,,,,1,,,,,
ﾄﾞﾌﾞ PB,ZE2520S2,,,5,,,1,3,,,2,1,
ﾄﾞﾌﾞ PB,ZE2520S2P,,,,,5,,4,8,,,,
ﾄﾞﾌﾞ PB,ZE2520W2,17,3,11,4,2,13,17,3,10,6,4,5
ﾄﾞﾌﾞ PB,ZE2520X2,,,,,,2,,,1,2,,
ﾄﾞﾌﾞ PB,ZE2525S2,,1,,,,,,,10,,,
ﾄﾞﾌﾞ PB,ZE2525S2P,,3,,,,,,6,,,,
ﾄﾞﾌﾞ PB,ZE2525W2,1,3,2,6,8,,1,5,13,8,6,13
ﾄﾞﾌﾞ PB,ZE2525X2,,,,2,,,,,,,,
ﾄﾞﾌﾞ PB,ZE3010S2,2,1,,,,,2,,,,2,
ﾄﾞﾌﾞ PB,ZE3010S2P,,,,,,,,1,,,,
ﾄﾞﾌﾞ PB,ZE3010W2,,,4,,2,1,2,5,,1,1,
ﾄﾞﾌﾞ PB,ZE3010X2,,,,,,,,1,,,,
ﾄﾞﾌﾞ PB,ZE3015S2,,,,,1,2,4,,,,,1
ﾄﾞﾌﾞ PB,ZE3015S2P,,,,,,2,,,,,,
ﾄﾞﾌﾞ PB,ZE3015W2,1,,,14,6,,2,6,1,2,10,1
ﾄﾞﾌﾞ PB,ZE3015X2,,,,,,,1,2,,,1,
ﾄﾞﾌﾞ PB,ZE3020S2,1,1,6,7,,1,5,9,10,1,,
ﾄﾞﾌﾞ PB,ZE3020S2P,,,1,2,1,2,,1,,,,
ﾄﾞﾌﾞ PB,ZE3020W2,16,12,40,105,73,110,72,60,76,29,53,20
ﾄﾞﾌﾞ PB,ZE3020X2,,13,16,1,,,,1,,,,
ﾄﾞﾌﾞ PB,ZE3025S2,,,,,1,,,,,,,
ﾄﾞﾌﾞ PB,ZE3025S2P,,,,,,,,,1,,,
ﾄﾞﾌﾞ PB,ZE3025W2,,2,,1,1,,1,2,4,3,,2
ﾄﾞﾌﾞ PB,ZE3030S2,4,1,1,,,1,8,1,20,,1,
ﾄﾞﾌﾞ PB,ZE3030S2P,,1,,,,1,1,9,1,,,
ﾄﾞﾌﾞ PB,ZE3030W2,10,8,11,20,8,33,38,31,18,9,28,3
ﾄﾞﾌﾞ PB,ZE3030W2C,,,,,,,,,,,1,
ﾄﾞﾌﾞ PB,ZE3030X2,,,,1,1,,,1,,,,2
ﾄﾞﾌﾞ PB,ZE3520S2P,,,,,,1,,,,,,
ﾄﾞﾌﾞ PB,ZE3520W2,,,,1,2,1,,,,,,
ﾄﾞﾌﾞ PB,ZE3520X2,,,,,,1,,,,,,
ﾄﾞﾌﾞ PB,ZE3530W2,,,,,,,4,1,,,,
ﾄﾞﾌﾞ PB,ZE3530X2,,,,,,,,2,,,,
ﾄﾞﾌﾞ PB,ZE3535W2,,,,,,,,2,,,,
ﾄﾞﾌﾞ PB,ZE4020S2,,,,,,1,1,1,,,1,4
ﾄﾞﾌﾞ PB,ZE4020S2P,,,,,,1,,,,,,
ﾄﾞﾌﾞ PB,ZE4020W2,1,3,1,2,8,8,12,22,5,5,32,2
ﾄﾞﾌﾞ PB,ZE4020X2,,,,,,1,,,1,,,
ﾄﾞﾌﾞ PB,ZE4030S2,3,,,1,,,,,,,,
ﾄﾞﾌﾞ PB,ZE4030S2P,1,,,,1,1,,,,,,
ﾄﾞﾌﾞ PB,ZE4030W2,7,4,11,16,6,24,14,23,9,8,7,20
ﾄﾞﾌﾞ PB,ZE4030X2,,,,,,,,5,1,2,,
ﾄﾞﾌﾞ PB,ZE4040S2,,,1,,,,,,,,,
ﾄﾞﾌﾞ PB,ZE4040W2,2,1,12,12,3,4,4,6,10,4,1,3
ﾄﾞﾌﾞ PB,ZE4040X2,,,,2,,,,1,,,,
ﾄﾞﾌﾞ PB,ZE5020S2,,,,2,,3,,,,,,
ﾄﾞﾌﾞ PB,ZE5020S2P,,,,,1,,,,,,,
ﾄﾞﾌﾞ PB,ZE5020X2,,,,,,,1,,,,,
ﾄﾞﾌﾞ PB,ZE5030S2,,,,,,,,,2,1,,
ﾄﾞﾌﾞ PB,ZE5030S2P,,,,,,,,1,1,,,
ﾄﾞﾌﾞ PB,ZE5030W2,5,3,7,4,5,6,8,2,2,16,4,
ﾄﾞﾌﾞ PB,ZE5040S2P,,,,,,,,,,,,1
ﾄﾞﾌﾞ PB,ZE5040W2,2,7,4,5,1,1,1,2,1,6,1,14
ﾄﾞﾌﾞ PB,ZE5040X2,,,,2,6,,,,,,,
ﾄﾞﾌﾞ PB,ZE5050S2P,,,,,,,1,,1,,,
ﾄﾞﾌﾞ PB,ZE5050W2,1,1,5,,3,7,15,6,3,4,6,1
ﾄﾞﾌﾞ PB,ZE6030S3P,,,,,,,,,1,,,
ﾄﾞﾌﾞ PB,ZE6030W3,,2,,1,,,1,,1,,,2
ﾄﾞﾌﾞ PB,ZE6040W3,4,,1,2,4,,1,,,,,2
ﾄﾞﾌﾞ PB,ZE6050W3,,,,2,,13,1,,,,,1
ﾄﾞﾌﾞ PB,ZE6060S3P,1,,,,,,,,,,,
ﾄﾞﾌﾞ PB,ZE6060W3,1,,,,,,2,5,,3,3,
ﾄﾞﾌﾞ PB,ZE6060X3,,,,,,,,,,2,,
ﾄﾞﾌﾞ PB,ZP1007S2,,,,,,,2,,,1,,
ﾄﾞﾌﾞ PB,ZP1007W2,2,,4,1,1,,,,3,,12,1
ﾄﾞﾌﾞ PB,ZP1010S2,,,2,,,,,,,,,
ﾄﾞﾌﾞ PB,ZP1010S2P,,,,,,,,,,,,1
ﾄﾞﾌﾞ PB,ZP1010W2,,2,1,4,3,6,10,5,11,,8,
ﾄﾞﾌﾞ PB,ZP1507S2,,,,,,,,,,,,2
ﾄﾞﾌﾞ PB,ZP1507S2P,,10,1,,,,,,1,,,
ﾄﾞﾌﾞ PB,ZP1507W2,,,2,5,,,1,,2,4,,1
ﾄﾞﾌﾞ PB,ZP1510S2,,20,,1,6,,5,4,4,1,,
ﾄﾞﾌﾞ PB,ZP1510S2P,12,,1,5,5,6,,,,,,
ﾄﾞﾌﾞ PB,ZP1510W2,105,43,30,91,46,71,30,139,150,11,38,33
ﾄﾞﾌﾞ PB,ZP1510W2C,,,,,,,,1,,,,
ﾄﾞﾌﾞ PB,ZP1510X2,,,,,,,,,,,3,
ﾄﾞﾌﾞ PB,ZP1515S2,,2,,,,,,,,,3,1
ﾄﾞﾌﾞ PB,ZP1515S2P,,,,,,,1,8,,,,
ﾄﾞﾌﾞ PB,ZP1515W2,9,8,11,35,11,19,48,78,20,5,41,6
ﾄﾞﾌﾞ PB,ZP2010S2,,,,4,,,1,,20,5,2,3
ﾄﾞﾌﾞ PB,ZP2010S2P,,,,5,2,,1,1,,,3,
ﾄﾞﾌﾞ PB,ZP2010W2,11,41,25,16,19,53,29,36,9,2,15,24
ﾄﾞﾌﾞ PB,ZP2015S2,,,,20,1,,2,,4,,,
ﾄﾞﾌﾞ PB,ZP2015S2P,,2,,,,,3,,3,1,8,3
ﾄﾞﾌﾞ PB,ZP2015W2,12,20,34,89,24,32,51,122,69,6,22,28
ﾄﾞﾌﾞ PB,ZP2015X2,,,,,,,,,,1,,
ﾄﾞﾌﾞ PB,ZP2020S2,7,,,5,4,1,1,3,1,5,4,5
ﾄﾞﾌﾞ PB,ZP2020S2P,,,5,,5,,,7,5,1,4,5
ﾄﾞﾌﾞ PB,ZP2020W2,17,15,6,31,13,11,43,82,42,6,22,11
ﾄﾞﾌﾞ PB,ZP2020X2,,,,2,,,,,,,,
ﾄﾞﾌﾞ PB,ZP2510S2,,,,,,,,,13,,,
ﾄﾞﾌﾞ PB,ZP2510S2P,,,,,,,,1,,,,
ﾄﾞﾌﾞ PB,ZP2510W2,3,,1,1,10,,5,2,4,1,7,3
ﾄﾞﾌﾞ PB,ZP2510X2,,,,,,,,,,,1,
ﾄﾞﾌﾞ PB,ZP2515S2P,,,,,,,1,,,,,
ﾄﾞﾌﾞ PB,ZP2515W2,4,2,,2,2,4,8,3,6,,12,6
ﾄﾞﾌﾞ PB,ZP2515X2,,,,,1,,,,,,1,
ﾄﾞﾌﾞ PB,ZP2520S2,2,,,,,2,,,,,,2
ﾄﾞﾌﾞ PB,ZP2520S2P,,,,,,1,,,,,,
ﾄﾞﾌﾞ PB,ZP2520W2,3,19,3,2,13,3,4,13,7,5,12,5
ﾄﾞﾌﾞ PB,ZP2525S2,,,,,,,,,2,,1,1
ﾄﾞﾌﾞ PB,ZP2525W2,17,3,10,4,1,1,6,23,18,1,2,
ﾄﾞﾌﾞ PB,ZP3010S2,,,,,,,,,,1,,
ﾄﾞﾌﾞ PB,ZP3010S2P,,,,,,,1,,,,,
ﾄﾞﾌﾞ PB,ZP3010W2,3,,1,3,,10,4,,2,,2,
ﾄﾞﾌﾞ PB,ZP3015S2,1,,,,,1,,,,,,1
ﾄﾞﾌﾞ PB,ZP3015S2P,,,,,,2,,,,,,
ﾄﾞﾌﾞ PB,ZP3015W2,2,2,4,2,1,1,3,3,4,5,6,2
ﾄﾞﾌﾞ PB,ZP3020S2,,,1,,,,,5,1,1,2,1
ﾄﾞﾌﾞ PB,ZP3020S2P,,4,7,,2,,,,2,2,1,2
ﾄﾞﾌﾞ PB,ZP3020W2,24,14,20,20,60,15,22,89,33,15,40,19
ﾄﾞﾌﾞ PB,ZP3020X2,2,,,,,5,,,,,,3
ﾄﾞﾌﾞ PB,ZP3025S2,1,,,,,,,,,,,
ﾄﾞﾌﾞ PB,ZP3025S2P,,,,,,,,,1,,,
ﾄﾞﾌﾞ PB,ZP3025W2,1,,3,3,2,1,2,4,4,1,,
ﾄﾞﾌﾞ PB,ZP3030S2,,,,,,,15,,1,2,21,2
ﾄﾞﾌﾞ PB,ZP3030S2P,2,,5,1,1,,,,1,,,
ﾄﾞﾌﾞ PB,ZP3030W2,12,12,14,8,37,5,8,64,9,17,4,4
ﾄﾞﾌﾞ PB,ZP3030X2,,,,,,,,,,,,3
ﾄﾞﾌﾞ PB,ZP3520W2,,,,,,2,,,,,,
ﾄﾞﾌﾞ PB,ZP3530X2,,,,,,,,2,,,,
ﾄﾞﾌﾞ PB,ZP3535W2,,,,,1,2,,2,,1,,
ﾄﾞﾌﾞ PB,ZP4020S2,,,,,,,,1,,,,
ﾄﾞﾌﾞ PB,ZP4020S2P,,,,,1,,,1,1,,,
ﾄﾞﾌﾞ PB,ZP4020W2,11,25,3,2,3,3,2,7,2,2,4,30
ﾄﾞﾌﾞ PB,ZP4020X2,,,,,,,,1,,,,
ﾄﾞﾌﾞ PB,ZP4030S2,,2,,,,,1,,8,,5,
ﾄﾞﾌﾞ PB,ZP4030S2P,,,,,,,1,,,,,
ﾄﾞﾌﾞ PB,ZP4030W2,15,11,19,3,1,3,10,7,4,17,4,3
ﾄﾞﾌﾞ PB,ZP4040S2,3,,,,1,,2,,2,5,,
ﾄﾞﾌﾞ PB,ZP4040S2P,1,,,,1,,,,,,,
ﾄﾞﾌﾞ PB,ZP4040W2,3,,2,5,4,1,5,6,2,,2,
ﾄﾞﾌﾞ PB,ZP5020W2,,,,,1,,,,,,,
ﾄﾞﾌﾞ PB,ZP5030S2,,,,,,,3,,,1,,
ﾄﾞﾌﾞ PB,ZP5030W2,1,1,8,4,4,5,4,5,1,2,7,3
ﾄﾞﾌﾞ PB,ZP5030X2,,,,,,,,1,,,,
ﾄﾞﾌﾞ PB,ZP5040S2,,,,,,1,,,2,2,,
ﾄﾞﾌﾞ PB,ZP5040W2,,3,4,2,,,,2,1,,1,6
ﾄﾞﾌﾞ PB,ZP5040X2,,,,,,,,,,1,,
ﾄﾞﾌﾞ PB,ZP5050S2,1,,,,,,,,1,,1,
ﾄﾞﾌﾞ PB,ZP5050S2P,,,3,,,,,1,,,,
ﾄﾞﾌﾞ PB,ZP5050W2,,4,3,2,,1,5,1,3,1,2,1
ﾄﾞﾌﾞ PB,ZP6030W3,,,,2,,2,,2,,1,,
ﾄﾞﾌﾞ PB,ZP6040S3,,1,,,,,,,,,,
ﾄﾞﾌﾞ PB,ZP6040W3,,5,2,,,,,,4,1,,
ﾄﾞﾌﾞ PB,ZP6050W3,,3,,,,,,,,,,
ﾄﾞﾌﾞ PB,ZP6060S3,,,,,,,,,,,4,
ﾄﾞﾌﾞ PB,ZP6060S3P,,,,,1,,,,,,,
ﾄﾞﾌﾞ PB,ZP6060W3,1,,,,,,,,,,,1
ﾀﾞｲﾏ PB,DE1010SN,5,7,4,,,,,,,,,
ﾀﾞｲﾏ PB,DE1507SN,2,,,,,,,,,,,
ﾀﾞｲﾏ PB,DE1510SN,,2,8,2,1,,,1,,,,
ﾀﾞｲﾏ PB,DE1510SNP,,,1,2,,,,,,,,
ﾀﾞｲﾏ PB,DE1510WN,,,10,3,15,3,1,,6,,,2
ﾀﾞｲﾏ PB,DE1515SN,,11,84,7,,25,,,,,1,1
ﾀﾞｲﾏ PB,DE1515WN,,,1,,,3,,5,,,8,
ﾀﾞｲﾏ PB,DE2010SN,2,15,28,1,,1,,,,,,
ﾀﾞｲﾏ PB,DE2010SNP,6,,,,,,,,,,,
ﾀﾞｲﾏ PB,DE2010WN,2,2,35,3,,4,,2,6,4,1,
ﾀﾞｲﾏ PB,DE2015SN,,,4,,,,,,,,,
ﾀﾞｲﾏ PB,DE2015WN,2,6,106,2,,1,2,1,2,,9,49
ﾀﾞｲﾏ PB,DE2020SN,7,1,16,1,,,,,,,,3
ﾀﾞｲﾏ PB,DE2020SNP,13,,,,,,,,,1,,
ﾀﾞｲﾏ PB,DE2020WN,1,,3,,2,1,,1,1,6,2,
ﾀﾞｲﾏ PB,DE2510SN,,,3,2,1,,,,,,,
ﾀﾞｲﾏ PB,DE2510SNP,,2,,,,,,,,,,
ﾀﾞｲﾏ PB,DE2510WN,,,,,,1,,8,,,,
ﾀﾞｲﾏ PB,DE2515SN,,,2,,,,,,,,,
ﾀﾞｲﾏ PB,DE2515WN,,,,,,,,,2,,,
ﾀﾞｲﾏ PB,DE2520WN,,,2,,,,,,,,,
ﾀﾞｲﾏ PB,DE2525SN,,,2,,,,,,,,,1
ﾀﾞｲﾏ PB,DE2525WN,2,,,,,1,,1,,,2,
ﾀﾞｲﾏ PB,DE3010SN,,1,,,,,,,,,,1
ﾀﾞｲﾏ PB,DE3010WN,,,,,,,,1,,,,
ﾀﾞｲﾏ PB,DE3015SN,,,11,,,1,,,,,,
ﾀﾞｲﾏ PB,DE3020SN,,,4,,,,,,,,,2
ﾀﾞｲﾏ PB,DE3020WN,,2,1,,2,,3,11,1,,2,6
ﾀﾞｲﾏ PB,DE3025WN,,,,,,,,1,1,,,
ﾀﾞｲﾏ PB,DE3030SN,,1,5,,,,,,,,,
ﾀﾞｲﾏ PB,DE3030WN,,,6,,,,1,1,1,2,3,2
ﾀﾞｲﾏ PB,DE4020SN,,,,,1,,,,,,,
ﾀﾞｲﾏ PB,DE4020WN,,5,1,1,,,,1,2,6,5,
ﾀﾞｲﾏ PB,DE4030SNP,,,,,,,,,,1,,
ﾀﾞｲﾏ PB,DE4030WN,1,4,2,1,,,,2,,1,7,
ﾀﾞｲﾏ PB,DE4040SN,,,1,,,1,,,,,,
ﾀﾞｲﾏ PB,DE4040WN,,,1,,,1,,5,1,2,2,
ﾀﾞｲﾏ PB,DE5020WN,,,,1,,,,,,,,
ﾀﾞｲﾏ PB,DE5030SNP,,,,1,,,,,,,,
ﾀﾞｲﾏ PB,DE5030WN,,,2,,,,4,1,,,,
ﾀﾞｲﾏ PB,DE5040WN,2,1,1,,,,1,4,4,,2,1
ﾀﾞｲﾏ PB,DE5050WN,,,,2,5,2,3,1,2,1,1,
ﾀﾞｲﾏ PB,DE6030WN,,1,,,,2,,1,,,,
ﾀﾞｲﾏ PB,DE6040WN,,,,2,,,,,,1,,
ﾀﾞｲﾏ PB,DE6050WN,,,,,,,,,1,,,
ﾀﾞｲﾏ PB,DE6060SNP,,,,,,,,,,1,,
ﾀﾞｲﾏ PB,DE6060WN,,1,5,,,,,1,,,,
ﾀﾞｲﾏ PB,DP1010SN,2,,1,,,1,,,,,,
ﾀﾞｲﾏ PB,DP1010SNP,,,,1,,,,,2,,,
ﾀﾞｲﾏ PB,DP1010WN,,,8,,1,,,,,,1,
ﾀﾞｲﾏ PB,DP1507WN,,,,,,,,1,,,5,
ﾀﾞｲﾏ PB,DP1510SN,,3,7,4,,,,3,24,,30,
ﾀﾞｲﾏ PB,DP1510SNP,,,5,3,,,2,,4,,,
ﾀﾞｲﾏ PB,DP1510WN,3,,17,1,,46,,19,8,2,6,16
ﾀﾞｲﾏ PB,DP1515SN,,2,4,12,23,1,,,,20,,
ﾀﾞｲﾏ PB,DP1515SNP,,,2,,,,,,3,,,
ﾀﾞｲﾏ PB,DP1515WN,1,,1,14,,,2,1,3,5,1,10
ﾀﾞｲﾏ PB,DP2010SN,,4,,1,,6,1,,3,,1,
ﾀﾞｲﾏ PB,DP2010SNP,,1,1,,,,,,,,,
ﾀﾞｲﾏ PB,DP2010WN,,1,9,2,,4,1,6,4,,3,7
ﾀﾞｲﾏ PB,DP2015SN,,4,2,,8,,10,,10,8,,
ﾀﾞｲﾏ PB,DP2015SNP,,,,,,,,,3,,,
ﾀﾞｲﾏ PB,DP2015WC,,8,,,,,,,,,,
ﾀﾞｲﾏ PB,DP2015WN,3,8,4,7,,37,,18,8,,1,18
ﾀﾞｲﾏ PB,DP2020SN,,,,,,,,,,8,,
ﾀﾞｲﾏ PB,DP2020SNP,,,1,1,,,2,,,,,
ﾀﾞｲﾏ PB,DP2020WN,,,2,7,,9,4,9,3,,3,2
ﾀﾞｲﾏ PB,DP2510WN,,,,,,2,,,,,,1
ﾀﾞｲﾏ PB,DP2515SNP,,,,,1,,,,,,,
ﾀﾞｲﾏ PB,DP2515WN,,,1,,,,,,,,,
ﾀﾞｲﾏ PB,DP2520WN,,,,,2,4,,6,1,,,5
ﾀﾞｲﾏ PB,DP2525SN,,,,,,,1,1,,,,
ﾀﾞｲﾏ PB,DP2525SNP,,,1,,,,,,1,,,
ﾀﾞｲﾏ PB,DP2525WN,3,,1,,,,,,4,,,10
ﾀﾞｲﾏ PB,DP3010SN,,,,,,,,,1,,,
ﾀﾞｲﾏ PB,DP3010WN,,,,,,,,,1,,,
ﾀﾞｲﾏ PB,DP3015WN,,,1,,,12,,,,,,
ﾀﾞｲﾏ PB,DP3020SN,,,,,,,2,,1,,1,
ﾀﾞｲﾏ PB,DP3020SNP,,,2,,,,,,,,1,
ﾀﾞｲﾏ PB,DP3020WN,2,,3,10,,1,11,5,3,4,5,2
ﾀﾞｲﾏ PB,DP3030SN,,,,1,,,,1,,1,,
ﾀﾞｲﾏ PB,DP3030SNP,,,1,,,,,,,,,
ﾀﾞｲﾏ PB,DP3030WN,1,1,1,3,,,,4,1,2,3,3
ﾀﾞｲﾏ PB,DP3520WN,,,,,,,,,1,1,1,2
ﾀﾞｲﾏ PB,DP3530SN,,,,,,,1,,,,,
ﾀﾞｲﾏ PB,DP3535WN,,,,,,,,,,2,,
ﾀﾞｲﾏ PB,DP4020SN,,,,,,1,2,,,,,
ﾀﾞｲﾏ PB,DP4020WN,1,,1,,,3,,1,,,1,1
ﾀﾞｲﾏ PB,DP4030SNP,,,,,,,,,,1,,
ﾀﾞｲﾏ PB,DP4030WN,5,,3,7,,2,3,,8,1,1,1
ﾀﾞｲﾏ PB,DP4040SN,0,,,,,,2,1,,,,
ﾀﾞｲﾏ PB,DP4040WN,5,,,2,1,,,1,1,,1,1
ﾀﾞｲﾏ PB,DP5020SNP,,,,,,,,,1,,,
ﾀﾞｲﾏ PB,DP5020WN,,,,1,,,,1,,,,
ﾀﾞｲﾏ PB,DP5030SN,,,,,1,,,,,,,
ﾀﾞｲﾏ PB,DP5030WN,,1,,,,4,,,,,4,
ﾀﾞｲﾏ PB,DP5040SN,,,1,,,,,,,,,
ﾀﾞｲﾏ PB,DP5040SNP,1,,,,,,,,,,,
ﾀﾞｲﾏ PB,DP5040WN,2,1,,1,,3,2,,2,1,1,
ﾀﾞｲﾏ PB,DP5050SN,,,,,,,,,,1,,
ﾀﾞｲﾏ PB,DP5050WN,,1,,,,,,3,,2,,6
ﾀﾞｲﾏ PB,DP6030WN,2,,,,,,,,,,,4
ﾀﾞｲﾏ PB,DP6040WN,,,,1,,,,,,,,
ﾀﾞｲﾏ PB,DP6060SN,,,,,,,,2,,,,
ﾀﾞｲﾏ PB,DP6060WN,,,,1,,1,,5,,1,,
特注 PB,BE0000SC,2,1,2,5,,20,,18,40,5,23,13
特注 PB,BE0000SG,29,15,23,30,5,15,13,34,36,8,45,8
特注 PB,BE0000SGA,,,,,1,,,,,29,,2
特注 PB,BE0000SGP,,,,,1,,,,6,1,,
特注 PB,BE0000WC,,3,,2,,10,,9,,,,
特注 PB,BE0000WG,,1,,3,4,2,,,2,4,6,3
特注 PB,BE0000XC,,,1,,,,,,,,,
特注 PB,BE3030SGA,,,,,,,,,,,4,10
特注 PB,BE4030SGA,,,,,,,,,,,,2
特注 PB,BP0000SC,,,,,,,,,1,,,
特注 PB,BP0000SG,,1,1,3,,3,,,1,,1,
特注 PB,BP0000SN,,,,,,,,1,,,2,
特注 PB,DE0000SC,,,,,,,,,2,,,
特注 PB,DE0000SN,4,1,60,1,,,3,,1,,1,
特注 PB,DE0000SNA,,,,,,,,,,,1,
特注 PB,DE0000SNP,1,,,,,1,,,4,2,,
特注 PB,DE0000WC,,,,,2,,1,,,,,
特注 PB,DE0000WN,1,2,12,6,3,19,5,21,4,1,9,
特注 PB,DE0000WNA,,,,,,,,1,1,,,
特注 PB,DE0000XN,4,,1,3,,5,,,,6,,
特注 PB,DP0000SC,,,,6,,,1,,,,,
特注 PB,DP0000SN,3,1,2,,1,1,3,,,1,2,8
特注 PB,DP0000SNP,2,2,1,1,3,1,1,,1,,2,
特注 PB,DP0000WC,,7,,,,,,,1,,,1
特注 PB,DP0000WN,2,,5,6,1,6,1,8,8,20,7,
特注 PB,DP0000WNA,,1,1,,,,,,,,,
特注 PB,DP0000XN,,,1,,,,,,,,,
特注 PB,IE0000SC,,1,,1,,,,,,,,1
特注 PB,IE0000SG,4,1,4,13,32,2,6,11,2,3,2,
特注 PB,IE0000WG,,,,1,,,,,4,,,
特注 PB,IP0000SC,10,12,73,89,53,7,142,39,175,16,228,75
特注 PB,IP0000SG,6,68,30,33,65,26,11,89,23,30,88,166
特注 PB,IP0000SGA,,,,,,2,,,1,,,
特注 PB,IP0000SGP,1,,,,,,,,,,,
特注 PB,IP0000SN,6,,28,,6,,,52,,1,1,11
特注 PB,IP0000WC,,,1,4,5,,,,,,,
特注 PB,IP0000WG,,3,2,5,2,1,1,5,1,1,3,7
特注 PB,IP0000XC,,,,,,,,1,1,1,,1
特注 PB,IP3030SN,10,,,,,,,,,,3,
特注 PB,SE0000SC,,,3,,,,,,,,,
特注 PB,SE0000SN,,2,2,5,1,1,6,7,3,5,2,5
特注 PB,SE0000SNA,,,,,,,,,,,,1
特注 PB,SE0000SNP,4,,6,9,,2,4,7,6,1,1,
特注 PB,SE0000WC,,,2,9,4,2,1,7,1,,,4
特注 PB,SE0000WN,27,58,38,40,63,51,89,84,104,21,41,47
特注 PB,SE0000WNA,1,,26,5,2,6,1,,4,,10,
特注 PB,SE0000XC,,,,,,,1,,1,,,
特注 PB,SE0000XN,5,4,5,11,1,8,14,4,8,1,3,1
特注 PB,SE0000XNA,5,,24,2,,1,2,1,,1,,
特注 PB,SE1510WNA,,,,,,1,6,,,,,
特注 PB,SE2010WNA,,,,,,2,,,,,,
特注 PB,SE2015WNA,,,,,,1,,,,,,
特注 PB,SE2015XNA,,,1,,,,,,,,,
特注 PB,SE2020SNA,,,,,,,,,,,1,
特注 PB,SE2020WNA,,,,,,,,,,,1,
特注 PB,SE2020XNA,,,,,,2,,1,,,,
特注 PB,SE2515WNA,,,,,1,,,,,,,
特注 PB,SE2520WNA,,,,,,,,5,,,,
特注 PB,SE2520XNA,,,,,,,,2,,,,
特注 PB,SE3020WNA,,,,,,4,,,,,,
特注 PB,SE3020XNA,,,1,,,,,,,,,
特注 PB,SE3030WNA,,,,,,2,,1,,,9,
特注 PB,SE3030XNA,,1,,,,,1,,,,,
特注 PB,SE4020WNA,,,,,,,,4,,,3,1
特注 PB,SE4020XNA,,,,3,,,,,,,,
特注 PB,SE4030WNA,,,,1,,,,,,,,
特注 PB,SE5020XNA,2,,,,,,,,,,,
特注 PB,SE5030WNA,,,,,,,,6,,,,
特注 PB,SE5040WNA,,,,,1,,,,,,,
特注 PB,SP0000SN,2,3,4,4,5,3,3,4,3,5,2,5
特注 PB,SP0000SNA,,,1,,,,1,2,,,,
特注 PB,SP0000SNP,1,1,8,5,1,1,6,3,14,,,1
特注 PB,SP0000WC,,,7,,,,,1,,,,
特注 PB,SP0000WH,,1,,,,,,,,,1,
特注 PB,SP0000WN,21,8,77,29,54,70,57,21,36,12,13,15
特注 PB,SP0000WNA,1,,1,,3,2,1,8,4,,,
特注 PB,SP0000XC,,,,,,1,,,,,,
特注 PB,SP0000XN,13,3,1,2,,,,16,1,,2,3
特注 PB,SP0000XNA,2,,,,,,1,,,1,,
特注 PB,SP1510XNA,,,,,1,,,,,,,
特注 PB,SP2015WNA,1,,,,,,,,,,,
特注 PB,SP2020WNA,,,,,,,,,,,4,
特注 PB,SP2525WNA,,,,,,,,,,,4,
特注 PB,SP3020WNA,,,,,,,,,,,2,
特注 PB,SP3030WNA,,,,,,,,,,,4,
特注 PB,SP3030XNA,1,,,,,,,,,,,
特注 PB,SP5030XNA,1,,,,,,,,,,,
特注 PB,ZE0000S,,1,2,,,9,2,,13,1,,1
特注 PB,ZE0000SA,,,,,,,,,22,,,
特注 PB,ZE0000SP,,2,,,5,1,2,1,2,2,1,1
特注 PB,ZE0000W,6,3,8,16,22,13,41,14,9,12,13,7
特注 PB,ZE0000WA,,,3,1,1,,,,12,,,
特注 PB,ZE0000X,1,2,4,1,,2,4,4,3,2,,
特注 PB,ZE0000XA,,,4,,,,,,,,,
特注 PB,ZE2520W2A,,,,,,1,,,,,,
特注 PB,ZE2525X2A,,,,,,2,,,,,,
特注 PB,ZE3020W2A,,,,,,,,,1,,,
特注 PB,ZE4030W2A,,,,,,,,,1,,,
特注 PB,ZE5030W2A,,,,,,,,,,2,,
特注 PB,ZE6060W3A,,,1,,,,,,,,,
特注 PB,ZP0000S,4,12,2,2,1,3,16,23,7,3,3,5
特注 PB,ZP0000SP,3,5,1,,5,5,1,,1,3,,
特注 PB,ZP0000W,11,40,14,6,23,16,9,22,21,12,19,19
特注 PB,ZP0000WA,,,,,25,,1,,,13,2,16
特注 PB,ZP0000WC,,,2,,1,,,,,,,
特注 PB,ZP0000X,1,,,,,,,1,6,4,,1
特注 PB,ZP2010W2A,,,,,,,,1,,,,
特注 PB,ZP3020W2A,,,,,,,,,4,,,
ふた,B02000SC,,,,3,,,,,,,,
ふた,B02000SG,,,,,,,1,,,,,
ふた,B02000WG,,,,,,,,,3,,,
ふた,B02015SG,,,,,,1,1,,6,1,9,6
ふた,B02015WG,,,,,,,,,,,2,
ふた,B02020SC,,,,,,,1,,,,,
ふた,B02020SG,3,4,,,,,,5,,,5,1
ふた,B02020WC,,,,,,,,,,,3,
ふた,B02025SG,,1,,,,,,,,,,1
ふた,B02030SG,,,8,5,3,,,,4,,,1
ふた,B02040SG,,,,,1,1,,1,,,1,1
ふた,B02040WG,,,,,,1,,,,,,
ふた,B02060SG,,,,,,,,,,,,1
ふた,D02000SN,2,2,40,,,1,,2,,,,
ふた,D02000WC,,,,,,,,1,,,,
ふた,D02000WN,1,2,2,,,,,1,2,1,,1
ふた,D02015SN,,,,,2,,,,17,,,
ふた,D02015WN,,,,,,,,,,,,1
ふた,D02020SN,,,11,12,,,,4,,,4,
ふた,D02020WN,,,3,,,1,,,,,,
ふた,D02025SN,,,1,,,,,,,,,
ふた,D02030SN,,,,,,,,,1,,,1
ふた,D02040SN,1,,,,,,,,,,,1
ふた,D02040WN,2,,,,,1,,,,,,
ふた,D02050SN,1,,,,,,,,,,,
ふた,I02000SC,,,,20,,1,6,,1,6,1,9
ふた,I02000SG,5,5,,23,,19,54,13,35,35,36,47
ふた,I02000SN,,,,,,,,,,,15,
ふた,I02000WC,,,,,,,,,,2,,
ふた,I02010SC,,,,,,2,2,,,,,1
ふた,I02010SG,15,14,8,2,20,2,5,7,7,2,2,2
ふた,I02010WG,,9,5,,5,11,,,,5,,3
ふた,I02015SC,3,,,1,,1,,,,,,
ふた,I02015SG,29,45,2,7,41,5,15,13,9,15,28,11
ふた,I02015WG,,5,,,,,3,,,,,1
ふた,I02020SC,1,,1,,1,15,,,,,6,
ふた,I02020SG,12,8,17,21,17,12,12,226,15,4,32,6
ふた,I02020WC,,,,,1,,,,,,,
ふた,I02020WG,8,6,,2,2,,,,,2,7,
ふた,I02025SC,,,,1,,,,,,,,
ふた,I02025SG,5,,3,5,1,5,4,5,,2,10,
ふた,I02025WC,,,1,,,,,,,,,
ふた,I02025WG,3,,,1,3,,,,,2,,1
ふた,I02030SC,,,,,,,,1,1,2,1,
ふた,I02030SG,1,3,2,5,5,8,2,34,6,4,23,1
ふた,I02030WG,1,,1,,1,,1,,,,1,
ふた,I02035SG,,1,6,,,,2,3,,3,3,
ふた,I02040SC,,,,,2,,,,,,2,
ふた,I02040SG,6,2,3,2,2,1,3,1,2,2,3,1
ふた,I02040WC,1,,,,,,,,,,,
ふた,I02040WG,,,,,,,2,,,,,
ふた,I02050SC,,,,,,,,,1,1,,
ふた,I02050SG,,1,2,,2,,,1,,,,
ふた,I02050WC,1,,,,,,,,,,,
ふた,I02060SG,,1,,,,2,,1,,,,
ふた,S02000SN,2,,3,1,,1,,,,,1,1
ふた,S02000WN,,1,2,,1,6,1,,1,,1,1
ふた,S02010SN,,7,2,,,3,,1,,,,
ふた,S02015SN,24,,4,3,22,10,6,2,10,1,2,5
ふた,S02015WN,5,,,,,2,,,,,1,
ふた,S02020SN,10,14,3,4,130,6,1,20,19,4,2,8
ふた,S02020WN,,,1,1,4,,4,18,,3,1,6
ふた,S02020XN,,,,,,,,,2,,,
ふた,S02025SN,,,,,,,1,4,,2,,2
ふた,S02025WN,2,,,,1,,,1,,,,19
ふた,S02030SN,4,,2,,,1,3,4,1,2,4,4
ふた,S02030WN,1,1,,1,1,,2,1,,1,3,
ふた,S02035SN,,,,,,,,,1,,1,
ふた,S02035WN,,1,1,,,1,,,,,,
ふた,S02040SN,1,,1,1,,1,,2,2,2,9,
ふた,S02040WN,,,1,2,,,,1,1,1,,1
ふた,S02050SN,,1,,,,1,1,2,,,1,1
ふた,S02050WN,1,,,1,,1,,1,,,,2
ふた,S02060SN,,,1,,2,,,,,,,
ふた,Z02000S,,,,,,1,1,,,,1,
ふた,Z02000W,,,,,,,,,,,,1
ふた,Z02010S2,3,1,,5,1,,,,1,,1,
ふた,Z02015S2,,4,,,,6,,,5,2,5,13
ふた,Z02015W2,1,1,,,4,,,2,,,,
ふた,Z02020S2,,1,,1,1,3,1,3,6,2,,
ふた,Z02020W2,,1,,,1,,1,5,,,1,
ふた,Z02025S2,,5,,,,,,,,,1,
ふた,Z02025W2,,,,,,,,,,,1,
ふた,Z02030S2,,,2,,,,,1,,3,2,
ふた,Z02030W2,,,1,,,3,1,,2,3,1,
ふた,Z02035S2,,1,,,,,,,,,,
ふた,Z02040S2,,,,,,,,1,,4,,
ふた,Z02040W2,,,,,,,,,1,3,1,
ふた,Z02050S2,,,,,,,,,1,,,1
ふた,Z02050W2,,,,,,,,,,,1,
ふた,Z02060S3,,,,,,,,,,1,,
ふた,Z02060W3,,,,,,,,,,1,,
